Pre,Post
41303,41343
41339,41343
41330,41344
41308,41344
62101,62138
62102,62138
62106,62139
62123,62139
62113,62140
62124,62140
62103,62141
62114,62141
62119,62141
62110,62142
62111,62142
62117,62142
62130,62142
62109,62143
62121,62143
62104,62144
62112,62144
62120,62144
62122,62144
62118,62145
62136,62145
62137,62145
62108,62146
62129,62146
62107,62147
62126,62147
62133,62147
62127,62148
62134,62148
60307,60344
60302,60344
60306,60344
60316,60344
60321,60344
60338,60344
60301,60345
60303,60345
60313,60345
60322,60345
60328,60345
60332,60345
60312,60346
60339,60346
60327,60347
60336,60347
60310,60348
60314,60348
60330,60348
60308,60349
60311,60349
60315,60349
60331,60349
60309,60350
60320,60350
60325,60350
60333,60350
60334,60350
60335,60350
60319,60351
60340,60351
60342,60351
60343,60351
60603,60659
60615,60659
60604,60660
60658,60660
60602,60661
60606,60661
60634,60661
60621,60661
60609,60662
60630,60662
60610,60663
60636,60663
60643,60663
60607,60664
60614,60664
60616,60664
60622,60664
60601,60665
60620,60665
60637,60665
60605,60666
60627,60666
60631,60666
60612,60667
60635,60667
60633,60669
60644,60669
60652,60670
60657,60670
62201,62267
62212,62267
62258,62267
62213,62268
62254,62268
62217,62269
62218,62269
62215,62270
62221,62270
62257,62270
62223,62271
62230,62271
62208,62272
62222,62272
62225,62272
62228,62273
62255,62273
62234,62275
62237,62275
62241,62275
62249,62275
62253,62275
62239,62276
62263,62276
62236,62278
62238,62278
62246,62278
62259,62278
62260,62278
62229,62279
62261,62279
61003,61049
61005,61049
61028,61049
61029,61049
61009,61050
61042,61050
61011,61051
61026,61051
61015,61052
61035,61052
61018,61053
61022,61053
61038,61053
61006,61054
61010,61054
61023,61054
61037,61054
61025,61058
61039,61058
61041,61058
61044,61058
61201,61253
61216,61253
61219,61253
61250,61253
61202,61254
61212,61254
61226,61255
61233,61255
61245,61255
61210,61256
61246,61256
61208,61257
61209,61257
61218,61257
61223,61259
61249,61259
61224,61260
61234,61260
61225,61261
61240,61261
61228,61262
61227,61262
61229,61263
61238,61263
61239,61264
61248,61264
61232,61265
61237,61265
61242,61265
61214,61266
61220,61266
61241,61266
61235,61267
61244,61267
61404,61437
61405,61437
61406,61437
61408,61438
61411,61438
61431,61438
61433,61438
61401,61439
61407,61439
61409,61439
61412,61439
61216,61439
61424,61439
61435,61439
61414,61440
61415,61440
61429,61440
61434,61440
61418,61441
61419,61441
61421,61442
61436,61442
61420,61443
61422,61443
61423,61444
61427,61444
61417,61445
61430,61445
61403,61446
61432,61446
62009,62039
62012,62039
62011,62040
62018,62040
62023,62040
62002,62041
62013,62041
62001,60242
62016,60242
62025,60242
62033,60242
62017,62043
62020,62043
62003,62044
62019,62044
62027,62044
62031,62044
62005,62045
62029,62045
62022,62046
62028,62046
62030,62046
62006,62047
62035,62047
62004,62048
62015,62048
62024,62048
62037,62048
62303,62375
62305,62375
62342,62375
62369,62375
62304,62376
62357,62376
62309,62377
62359,62377
62315,62378
62327,62378
62329,62378
62331,62378
62351,62378
62301,62379
62316,62379
62322,62379
62324,62379
62339,62379
62345,62379
62356,62379
62333,62381
62374,62381
62313,62383
62323,62383
62346,62383
62312,62385
62318,62385
62354,62385
62308,62386
62337,62386
62340,62386
62360,62386
62319,62387
62361,62387
62307,62388
62310,62388
62362,62388
62320,62389
62363,62389
62328,62390
62338,62390
62365,62390
62366,62390
61601,61626
61617,61626
61602,61627
61614,61627
61604,61628
61623,61628
61607,61629
61616,61629
61603,61630
61608,61630
61610,61630
61606,61631
61609,61631
61605,61632
61613,61632
61619,61632
61620,61633
61622,61633
61702,61756
61704,61756
61707,61756
61732,61756
61705,61757
61714,61757
61717,61757
61722,61757
61754,61757
61712,61759
61735,61759
61713,61760
61725,61760
61726,61760
61734,61760
61752,61760
61715,61761
61749,61761
61721,61762
61739,61762
61703,61763
61720,61763
61733,61763
61736,61763
61724,61764
61737,61764
61742,61764
61706,61765
61747,61765
61753,61765
61723,61766
61755,61766
61211,61258
61221,61258
61230,61258
61104,61258
60625,60668
60640,60668
62353,60668
62204,62266
62224,62266
62243,62266
62251,62266
61718,62266
61034,61056
61036,61056
62373,61056
61004,61057
61014,61057
61048,61057
62344,61057
62364,61057
61709,61758
60649,61758
60650,61758

